{
    "best_value": 0.9510938405990601,
    "best_params": {
        "hidden_layers": 4,
        "hidden_nodes": 128,
        "learning_rate": 0.0005791697935397798,
        "num_epochs": 968,
        "batch_size": 16,
        "weight_decay": 1.0000000000000004e-06
    },
    "n_trials": 46,
    "trial_number": 45
}