{
    "best_params": {
        "hidden_nodes": 16,
        "hidden_layers": 2,
        "lr": 0.00014105290649397186,
        "weight_decay": 0.00014739285208744944,
        "epochs": 5
    },
    "best_value": -5.074154273101262
}