mol%H2,mol%CH4,mol%C2H6,mol%C2H4,mol%C2H2,mol%C3H8,mol%C3H6,mol%C4H10,mol%C5H12,mol%C,Power density [W/cm3],Residence Time [s]
3.50815319,94.27253779,1.065663358,0.106715183,0.082728724,0.292650377,0.018323987,0.041266642,0.047410614,0.564550134,0.564550134,5.654866777
4.490731292,92.6972144,1.333291698,0.125179462,0.097011612,0.371781656,0.022830127,0.053786638,0.060776353,0.747396761,0.747396761,7.270542999
6.238752103,89.92767329,1.775121772,0.150373393,0.116317304,0.505929222,0.030327171,0.075761244,0.083777496,1.095967007,1.095967007,10.1787602
10.17582205,83.78293981,2.629310748,0.18472792,0.14223782,0.77950345,0.0450489,0.123879646,0.13214353,2.004386123,2.004386123,16.96460033
30.67653857,48.18608016,4.985614976,0.241113612,0.184680414,1.692150866,0.087852805,0.3418902,0.314847439,13.28923096,13.28923096,70
